{
  "origin" : {
    "x" : -17243957.9643097557,
    "y" : 7677654.69387781061,
    "spatialReference" : {
      "wkid" : 54035,
      "latestWkid" : 8857
    }
  },
  "extent" : {
    "xmin" : -17243957.9643097557,
    "ymin" : -6517371.81848864816,
    "xmax" : 17243958.5622143857,
    "ymax" : 7677654.69387781061,
    "spatialReference" : {
      "wkid" : 54035,
      "latestWkid" : 8857
    }
  },
  "geodataXform" : {
    "spatialReference" : {
      "wkid" : 54035,
      "latestWkid" : 8857
    },
    "type" : "IdentityXform"
  },
  "LODInfos" : {
    "resolutions" : [
      99964.975439200411
    ],
    "levels" : [
      0
    ],
    "scales" : [
      377819623.97196674
    ],
    "dpi" : 96,
    "type" : "RasterLODInfos"
  },
  "blockWidth" : 256,
  "blockHeight" : 256,
  "bandCount" : 1,
  "pixelType" : 9,
  "pixelSizeX" : 99964.975439200411,
  "pixelSizeY" : 99964.975439200411,
  "format" : "Cache/LERC2D",
  "compressionType" : "LERC",
  "firstPyramidLevel" : 1,
  "maximumPyramidLevel" : 0,
  "packetSize" : 16,
  "compressionQuality" : 0,
  "pyramidResamplingType" : 0,
  "LERCError" : 0,
  "properties" : {
    "KIND" : "IMAGE",
    "BAND_COUNT" : "1",
    "HAS_TABLE" : "0",
    "HAS_XFORM" : "0",
    "BandProperties" : [
      {
        "NoData" : "3.4e+38",
        "type" : "PropertySet"
      }
    ],
    "FunctionTemplates" : "[{\"pixelType\":\"UNKNOWN\",\"name\":\"None\",\"description\":\"A No-Op Function.\",\"type\":\"IdentityFunction\"}]",
    "type" : "PropertySet"
  },
  "statistics" : [
    {
      "min" : -0.77104759216308594,
      "max" : 121.25638580322266,
      "mean" : 8.5235964170132057,
      "standardDeviation" : 8.904105370023526,
      "median" : 121.25638580322266,
      "mode" : -0.29250863767137714,
      "skipX" : 1,
      "skipY" : 1,
      "count" : 495580
    }
  ],
  "histograms" : [
    {
      "size" : 256,
      "min" : -0.77104759216308594,
      "max" : 121.25638580322266,
      "counts" : [
        1,
        17375,
        8905,
        8979,
        10196,
        9202,
        10595,
        12812,
        8662,
        7678,
        8585,
        7283,
        8523,
        13207,
        8052,
        5637,
        6481,
        5877,
        5394,
        7266,
        4878,
        4237,
        4031,
        4253,
        3225,
        8983,
        2717,
        2373,
        2730,
        2297,
        2122,
        2655,
        1849,
        1572,
        1324,
        1385,
        1322,
        1774,
        1013,
        1327,
        823,
        835,
        845,
        882,
        982,
        633,
        551,
        551,
        590,
        547,
        696,
        457,
        668,
        404,
        465,
        391,
        543,
        451,
        323,
        283,
        354,
        262,
        361,
        299,
        285,
        552,
        203,
        226,
        353,
        180,
        204,
        217,
        189,
        198,
        233,
        176,
        134,
        133,
        178,
        136,
        172,
        140,
        141,
        118,
        120,
        107,
        139,
        124,
        87,
        83,
        87,
        97,
        99,
        102,
        69,
        70,
        57,
        68,
        71,
        86,
        66,
        41,
        61,
        46,
        54,
        155,
        42,
        42,
        49,
        40,
        44,
        60,
        30,
        48,
        42,
        34,
        33,
        65,
        39,
        31,
        43,
        35,
        35,
        45,
        22,
        28,
        34,
        34,
        35,
        27,
        35,
        30,
        45,
        31,
        22,
        26,
        28,
        19,
        18,
        7,
        24,
        27,
        26,
        15,
        20,
        35,
        19,
        18,
        13,
        14,
        16,
        18,
        17,
        6,
        11,
        12,
        16,
        8,
        7,
        2,
        12,
        10,
        12,
        11,
        16,
        5,
        5,
        6,
        7,
        5,
        2,
        8,
        11,
        10,
        3,
        3,
        3,
        3,
        2,
        4,
        1,
        9,
        6,
        5,
        5,
        12,
        3,
        0,
        1,
        4,
        3,
        5,
        0,
        3,
        0,
        3,
        0,
        0,
        3,
        1,
        5,
        0,
        3,
        2,
        1,
        1,
        3,
        0,
        1,
        1,
        2,
        0,
        1,
        0,
        1,
        0,
        1,
        0,
        0,
        1,
        2,
        0,
        0,
        0,
        0,
        2,
        1,
        0,
        1,
        0,
        1,
        0,
        1,
        0,
        0,
        0,
        0,
        0,
        0,
        1,
        1,
        0,
        0,
        0,
        0,
        0,
        0,
        0,
        1,
        0,
        1,
        0,
        0,
        0,
        0,
        1
      ]
    }
  ],
  "mdInfo" : {
    "variables" : [
      {
        "name" : "PM 2.5",
        "dimensions" : [
          {
            "name" : "StdTime",
            "field" : "StdTime",
            "description" : "",
            "unit" : "",
            "interval" : 1,
            "hasRegularIntervals" : true,
            "intervalUnit" : "Years",
            "extent" : [
              883641600000,
              1451635200000
            ],
            "hasRanges" : false,
            "values" : [
              883641600000,
              915177600000,
              946713600000,
              978336000000,
              1009872000000,
              1041408000000,
              1072944000000,
              1104566400000,
              1136102400000,
              1167638400000,
              1199174400000,
              1230796800000,
              1262332800000,
              1293868800000,
              1325404800000,
              1357027200000,
              1388563200000,
              1420099200000,
              1451635200000
            ]
          }
        ]
      }
    ],
    "layout" : 1,
    "type" : "MultidimensionalInfo"
  },
  "type" : "RasterInfo"
}